"Date","Price","Open","High","Low","Change %"
"Mar 22, 2020","7.8727","7.6290","7.8928","7.5089","3.20%"
"Mar 15, 2020","7.6287","7.7792","7.9118","7.4243","-1.88%"
"Mar 08, 2020","7.7752","7.9480","8.1107","7.7577","-2.20%"
"Mar 01, 2020","7.9497","8.0068","8.0273","7.7299","-0.68%"
"Feb 23, 2020","8.0038","7.9023","8.0846","7.8494","1.21%"
"Feb 16, 2020","7.9079","7.8907","7.9375","7.8132","0.17%"
"Feb 09, 2020","7.8947","7.7592","7.9193","7.6927","1.80%"
"Feb 02, 2020","7.7552","7.9042","7.9042","7.7249","-1.80%"
"Jan 26, 2020","7.8971","7.7654","7.9050","7.7090","1.68%"
"Jan 19, 2020","7.7669","7.6595","7.8267","7.6386","1.34%"
"Jan 12, 2020","7.6639","7.6737","7.7012","7.5850","-0.17%"
"Jan 05, 2020","7.6768","7.8087","7.8815","7.6288","-1.78%"
"Dec 29, 2019","7.8161","7.7743","7.9045","7.7734","0.45%"
"Dec 22, 2019","7.7814","7.7131","7.8155","7.6607","0.74%"
"Dec 15, 2019","7.7242","7.7458","7.8427","7.6834","-0.21%"
"Dec 08, 2019","7.7403","7.5876","7.8202","7.5489","2.00%"
"Dec 01, 2019","7.5888","7.4239","7.6081","7.3982","2.09%"
"Nov 24, 2019","7.4332","7.3399","7.4851","7.3182","1.40%"
"Nov 17, 2019","7.3309","7.4140","7.4469","7.3161","-1.09%"
"Nov 10, 2019","7.4120","7.3689","7.4527","7.3559","0.63%"
"Nov 03, 2019","7.3656","7.3849","7.4344","7.3304","-0.32%"
"Oct 27, 2019","7.3893","7.4226","7.4532","7.3482","-0.21%"
"Oct 20, 2019","7.4051","7.4867","7.6159","7.3689","-1.44%"
"Oct 13, 2019","7.5136","7.4287","7.6354","7.3914","0.93%"
"Oct 06, 2019","7.4440","7.0231","7.4736","7.0009","5.96%"
"Sep 29, 2019","7.0252","6.9692","7.0739","6.9280","0.81%"
"Sep 22, 2019","6.9688","7.1615","7.1715","6.9410","-2.78%"
"Sep 15, 2019","7.1678","7.1088","7.1949","7.0451","0.83%"
"Sep 08, 2019","7.1085","7.0315","7.1603","6.9548","1.26%"
"Sep 01, 2019","7.0198","7.0847","7.1068","6.8543","-0.97%"
"Aug 25, 2019","7.0888","7.0598","7.1973","7.0553","0.23%"
"Aug 18, 2019","7.0723","6.7771","7.0921","6.7475","4.34%"
"Aug 11, 2019","6.7782","6.6091","6.8167","6.5934","2.59%"
"Aug 04, 2019","6.6071","6.7517","6.8253","6.5873","-2.23%"
"Jul 28, 2019","6.7580","7.0254","7.0264","6.6970","-3.78%"
"Jul 21, 2019","7.0232","7.0729","7.2073","6.9588","-0.66%"
"Jul 14, 2019","7.0697","7.1925","7.2118","7.0046","-1.71%"
"Jul 07, 2019","7.1929","7.0595","7.2741","7.0574","2.04%"
"Jun 30, 2019","7.0492","7.3479","7.3584","7.0023","-4.13%"
"Jun 23, 2019","7.3530","7.4113","7.4412","7.2722","-0.87%"
"Jun 16, 2019","7.4177","7.4360","7.4646","7.2630","-0.18%"
"Jun 09, 2019","7.4311","7.4090","7.5168","7.2912","0.06%"
"Jun 02, 2019","7.4264","7.3742","7.4611","7.2036","0.64%"
"May 26, 2019","7.3789","7.7427","7.7650","7.3058","-4.58%"
"May 19, 2019","7.7330","7.7029","7.7722","7.6281","0.39%"
"May 12, 2019","7.7028","7.7783","7.9847","7.6691","-1.00%"
"May 05, 2019","7.7805","7.8326","8.1483","7.7641","-0.98%"
"Apr 28, 2019","7.8577","7.6901","7.8810","7.6503","2.42%"
"Apr 21, 2019","7.6719","7.5526","7.7058","7.5273","1.57%"
"Apr 14, 2019","7.5531","7.5449","7.6311","7.4264","0.06%"
"Apr 07, 2019","7.5483","7.3343","7.6184","7.3235","2.91%"
"Mar 31, 2019","7.3351","7.2378","7.4638","7.1006","1.31%"
"Mar 24, 2019","7.2405","7.6280","7.6479","6.9654","-4.90%"
"Mar 17, 2019","7.6134","7.2373","7.7229","7.1156","5.14%"
"Mar 10, 2019","7.2411","7.0819","7.3112","7.0365","2.44%"
"Mar 03, 2019","7.0688","7.1022","7.1968","7.0452","-0.38%"
"Feb 24, 2019","7.0961","6.9545","7.1589","6.9100","2.21%"
"Feb 17, 2019","6.9426","6.8012","6.9736","6.7972","2.17%"
"Feb 10, 2019","6.7949","6.7938","6.8296","6.7112","0.01%"
"Feb 03, 2019","6.7943","6.8082","6.8637","6.7172","-0.27%"
"Jan 27, 2019","6.8125","6.7443","7.0484","6.7335","-2.04%"
"Jan 20, 2019","6.9546","6.8651","6.9649","6.8361","1.38%"
"Jan 13, 2019","6.8601","7.0065","7.1217","6.8358","-2.14%"
"Jan 06, 2019","7.0099","6.7912","7.0667","6.7694","3.31%"
"Dec 30, 2018","6.7854","6.6867","7.2740","6.6676","1.27%"
"Dec 23, 2018","6.7000","6.7254","6.7785","6.6337","-0.26%"
"Dec 16, 2018","6.7176","6.7450","6.8053","6.5808","-0.47%"
"Dec 09, 2018","6.7495","6.7503","6.8336","6.6661","-0.00%"
"Dec 02, 2018","6.7498","6.6565","6.9522","6.5649","1.50%"
"Nov 25, 2018","6.6502","6.7968","6.8029","6.5400","-1.85%"
"Nov 18, 2018","6.7754","6.8391","6.9723","6.7367","-1.02%"
"Nov 11, 2018","6.8454","7.0769","7.1712","6.7669","-3.40%"
"Nov 04, 2018","7.0860","7.0735","7.2143","6.9090","0.60%"
"Oct 28, 2018","7.0435","7.1749","7.2736","6.9326","-1.87%"
"Oct 21, 2018","7.1776","7.3743","7.6280","7.1377","-2.68%"
"Oct 14, 2018","7.3755","7.7173","7.7351","7.2222","-4.52%"
"Oct 07, 2018","7.7250","8.0392","8.0997","7.6606","-4.03%"
"Sep 30, 2018","8.0490","7.8940","8.0991","7.6640","2.00%"
"Sep 23, 2018","7.8913","8.1582","8.2765","7.7575","-4.12%"
"Sep 16, 2018","8.2305","8.0788","8.4936","8.0218","2.08%"
"Sep 09, 2018","8.0625","8.2293","8.5550","7.8155","-2.64%"
"Sep 02, 2018","8.2815","8.4734","8.7004","8.2077","-2.29%"
"Aug 26, 2018","8.4756","7.7366","8.9108","7.6838","9.78%"
"Aug 19, 2018","7.7206","7.6720","7.9143","7.5877","0.67%"
"Aug 12, 2018","7.6693","8.2081","9.2213","7.2110","-6.56%"
"Aug 05, 2018","8.2073","6.6087","8.6562","6.6087","24.17%"
"Jul 29, 2018","6.6098","6.3442","6.6635","6.3408","3.88%"
"Jul 22, 2018","6.3629","6.2994","6.4818","6.1951","1.08%"
"Jul 15, 2018","6.2947","6.4074","6.4612","6.2160","-2.04%"
"Jul 08, 2018","6.4257","6.0835","6.5668","6.0095","5.83%"
"Jul 01, 2018","6.0720","6.0469","6.2359","6.0385","0.21%"
"Jun 24, 2018","6.0590","6.1790","6.2583","5.9594","-2.38%"
"Jun 17, 2018","6.2066","6.2690","6.2979","6.1764","-1.23%"
"Jun 10, 2018","6.2842","5.9912","6.3101","5.9799","4.73%"
"Jun 03, 2018","6.0003","6.2030","6.2541","5.9626","-3.34%"
"May 27, 2018","6.2079","6.2658","6.2835","5.9046","-0.93%"
"May 20, 2018","6.2660","6.0512","6.5908","6.0463","3.54%"
"May 13, 2018","6.0519","5.8475","6.0707","5.8352","3.59%"
"May 06, 2018","5.8422","5.7180","5.9159","5.7044","2.16%"
"Apr 29, 2018","5.7188","5.5778","5.8183","5.5404","2.67%"
"Apr 22, 2018","5.5701","5.7146","5.7432","5.5552","-2.43%"
"Apr 15, 2018","5.7091","5.8334","5.9284","5.6542","-2.15%"
"Apr 08, 2018","5.8344","5.6998","5.9444","5.6866","2.35%"
"Apr 01, 2018","5.7002","5.5517","5.7114","5.5415","2.81%"
"Mar 25, 2018","5.5442","5.6317","5.6843","5.5128","-1.50%"
"Mar 18, 2018","5.6285","5.4606","5.6952","5.4499","3.08%"
"Mar 11, 2018","5.4603","5.2716","5.4763","5.2700","3.46%"
"Mar 04, 2018","5.2779","5.2481","5.3049","5.2465","0.42%"
"Feb 25, 2018","5.2557","5.2924","5.3188","5.2208","-0.73%"
"Feb 18, 2018","5.2943","5.2604","5.3365","5.2436","0.61%"
"Feb 11, 2018","5.2622","5.2848","5.3316","5.2416","-0.52%"
"Feb 04, 2018","5.2896","5.3266","5.3650","5.2270","-0.74%"
"Jan 28, 2018","5.3290","5.3183","5.3667","5.2903","0.16%"
"Jan 21, 2018","5.3206","5.3159","5.3609","5.2581","0.91%"
"Jan 14, 2018","5.2725","5.1486","5.2987","5.1456","2.46%"
"Jan 07, 2018","5.1461","5.0664","5.1646","5.0629","1.48%"
"Dec 31, 2017","5.0709","5.1243","5.1498","5.0533","-1.00%"
"Dec 24, 2017","5.1220","5.0949","5.1425","5.0592","0.46%"
"Dec 17, 2017","5.0988","5.1515","5.1655","5.0899","-0.89%"
"Dec 10, 2017","5.1444","5.1410","5.2360","5.0933","0.07%"
"Dec 03, 2017","5.1406","5.2771","5.3126","5.1232","-2.49%"
"Nov 26, 2017","5.2720","5.2597","5.3419","5.1863","0.23%"
"Nov 19, 2017","5.2599","5.1251","5.2794","5.0937","2.67%"
"Nov 12, 2017","5.1232","5.1041","5.1703","5.0377","0.53%"
"Nov 05, 2017","5.0962","5.0879","5.1278","5.0156","0.28%"
"Oct 29, 2017","5.0819","4.9756","5.0992","4.9395","2.17%"
"Oct 22, 2017","4.9740","4.8410","5.0545","4.8373","2.72%"
"Oct 15, 2017","4.8422","4.8312","4.8620","4.7825","0.26%"
"Oct 08, 2017","4.8295","4.7227","4.9333","4.7180","2.25%"
"Oct 01, 2017","4.7230","4.7713","4.7851","4.6795","-1.07%"
"Sep 24, 2017","4.7743","4.7173","4.8100","4.7060","1.20%"
"Sep 17, 2017","4.7175","4.6647","4.7656","4.6577","0.96%"
"Sep 10, 2017","4.6727","4.5042","4.6882","4.4699","3.77%"
"Sep 03, 2017","4.5030","4.4408","4.5237","4.4225","1.42%"
"Aug 27, 2017","4.4399","4.4427","4.4775","4.4227","0.17%"
"Aug 20, 2017","4.4322","4.5188","4.5351","4.4196","-2.17%"
"Aug 13, 2017","4.5305","4.6002","4.6040","4.5075","-1.56%"
"Aug 06, 2017","4.6022","4.6004","4.6183","4.5678","0.07%"
"Jul 30, 2017","4.5992","4.6341","4.7035","4.5935","-0.76%"
"Jul 23, 2017","4.6342","4.5977","4.6643","4.5842","0.84%"
"Jul 16, 2017","4.5957","4.6317","4.6458","4.5626","-0.81%"
"Jul 09, 2017","4.6334","4.6612","4.7017","4.5892","-0.67%"
"Jul 02, 2017","4.6646","4.5818","4.7270","4.5622","1.69%"
"Jun 25, 2017","4.5871","4.4661","4.6011","4.4411","2.79%"
"Jun 18, 2017","4.4625","4.4784","4.5013","4.4399","-0.29%"
"Jun 11, 2017","4.4753","4.5025","4.5176","4.4365","-0.73%"
"Jun 04, 2017","4.5083","4.5156","4.6118","4.4558","-0.32%"
"May 28, 2017","4.5229","4.5833","4.6039","4.5110","-1.26%"
"May 21, 2017","4.5808","4.6557","4.6771","4.5639","-1.71%"
"May 14, 2017","4.6605","4.6020","4.7476","4.5649","1.22%"
"May 07, 2017","4.6043","4.6009","4.6989","4.5732","0.08%"
"Apr 30, 2017","4.6006","4.6009","4.6252","4.5323","0.02%"
"Apr 23, 2017","4.5995","4.6772","4.6819","4.5610","-1.38%"
"Apr 16, 2017","4.6640","4.5587","4.7317","4.5439","-0.23%"
"Apr 09, 2017","4.6748","4.6178","4.6829","4.5689","1.26%"
"Apr 02, 2017","4.6168","4.5592","4.6696","4.5187","1.16%"
"Mar 26, 2017","4.5638","4.5079","4.5721","4.4961","1.33%"
"Mar 19, 2017","4.5038","4.5050","4.5567","4.4633","-0.02%"
"Mar 12, 2017","4.5045","4.5379","4.5910","4.4463","-0.78%"
"Mar 05, 2017","4.5399","4.5529","4.6127","4.4742","-0.28%"
"Feb 26, 2017","4.5527","4.4974","4.5979","4.4402","1.24%"
"Feb 19, 2017","4.4970","4.5047","4.5369","4.4458","-0.18%"
"Feb 12, 2017","4.5053","4.6101","4.6311","4.5019","-2.40%"
"Feb 05, 2017","4.6160","4.6196","4.6995","4.5665","-0.03%"
"Jan 29, 2017","4.6174","4.8671","4.8841","4.6035","-5.15%"
"Jan 22, 2017","4.8682","4.6564","4.9048","4.6541","4.47%"
"Jan 15, 2017","4.6598","4.4887","4.7346","4.4601","2.77%"
"Jan 08, 2017","4.5340","4.4713","4.8106","4.4515","1.25%"
"Jan 01, 2017","4.4780","4.3584","4.4966","4.3462","2.88%"
"Dec 25, 2016","4.3526","4.3158","4.3625","4.2957","0.68%"
"Dec 18, 2016","4.3232","4.3812","4.3907","4.2928","-1.35%"
"Dec 11, 2016","4.3825","4.3865","4.4771","4.3345","-0.06%"
"Dec 04, 2016","4.3853","4.4797","4.5215","4.2324","-2.09%"
"Nov 27, 2016","4.4791","4.3079","4.5241","4.2322","4.16%"
"Nov 20, 2016","4.3003","4.1673","4.3277","4.1510","3.20%"
"Nov 13, 2016","4.1670","4.0893","4.2329","4.0579","1.68%"
"Nov 06, 2016","4.0983","3.9497","4.1509","3.8992","3.70%"
"Oct 30, 2016","3.9520","3.7835","3.9858","3.7680","4.39%"
"Oct 23, 2016","3.7858","3.7673","3.8114","3.7226","0.41%"
"Oct 16, 2016","3.7704","3.7658","3.8270","3.7319","0.10%"
"Oct 09, 2016","3.7665","3.7921","3.8236","3.7307","-0.71%"
"Oct 02, 2016","3.7936","3.8811","3.9072","3.6004","-2.53%"
"Sep 25, 2016","3.8920","3.8442","3.9173","3.8419","1.10%"
"Sep 18, 2016","3.8495","3.8685","3.8994","3.8115","-0.67%"
"Sep 11, 2016","3.8756","3.9417","3.9756","3.8706","-1.41%"
"Sep 04, 2016","3.9310","3.9262","3.9596","3.9093","0.21%"
"Aug 28, 2016","3.9226","3.8794","3.9494","3.8559","1.10%"
"Aug 21, 2016","3.8801","3.8254","3.9167","3.8196","1.30%"
"Aug 14, 2016","3.8302","3.8230","3.8670","3.7769","0.15%"
"Aug 07, 2016","3.8245","3.9177","3.9295","3.8119","-2.44%"
"Jul 31, 2016","3.9200","3.9634","4.0399","3.9125","-0.82%"
"Jul 24, 2016","3.9523","4.0168","4.0444","3.9464","-1.64%"
"Jul 17, 2016","4.0183","3.9787","4.1026","3.8664","0.87%"
"Jul 10, 2016","3.9838","3.7456","4.0187","3.7275","6.35%"
"Jul 03, 2016","3.7460","3.8481","3.8798","3.7361","-2.66%"
"Jun 26, 2016","3.8485","3.9708","3.9708","3.8016","-3.96%"
"Jun 19, 2016","4.0072","4.2077","4.2973","3.9249","-4.65%"
"Jun 12, 2016","4.2026","4.1713","4.2117","4.1259","0.63%"
"Jun 05, 2016","4.1763","4.2151","4.2582","4.1512","-0.92%"
"May 29, 2016","4.2149","4.3179","4.3473","4.2068","-2.55%"
"May 22, 2016","4.3254","4.3201","4.3849","4.2851","0.22%"
"May 15, 2016","4.3158","4.2570","4.3909","4.2507","1.17%"
"May 08, 2016","4.2661","4.2238","4.2926","4.1934","0.99%"
"May 01, 2016","4.2242","4.0846","4.3164","4.0690","3.40%"
"Apr 24, 2016","4.0852","4.1067","4.1404","4.0741","-0.44%"
"Apr 17, 2016","4.1032","4.0553","4.1128","4.0259","1.27%"
"Apr 10, 2016","4.0519","4.0256","4.0736","4.0064","0.67%"
"Apr 03, 2016","4.0248","4.0140","4.0482","3.9883","0.25%"
"Mar 27, 2016","4.0149","4.0579","4.1064","4.0080","-1.30%"
"Mar 20, 2016","4.0679","4.1524","4.1554","4.0426","-2.03%"
"Mar 13, 2016","4.1524","4.1234","4.1597","4.0622","0.77%"
"Mar 06, 2016","4.1208","4.1373","4.1821","4.0644","-0.41%"
"Feb 28, 2016","4.1377","4.1512","4.1624","4.0873","-0.32%"
"Feb 21, 2016","4.1508","4.2542","4.2542","4.0624","-2.38%"
"Feb 14, 2016","4.2522","4.2424","4.2946","4.2072","0.05%"
"Feb 07, 2016","4.2500","4.2394","4.2748","4.2035","0.25%"
"Jan 31, 2016","4.2394","4.2114","4.2915","4.2050","0.69%"
"Jan 24, 2016","4.2105","4.2794","4.3262","4.1886","-1.74%"
"Jan 17, 2016","4.2850","4.3493","4.3589","4.2622","-1.41%"
"Jan 10, 2016","4.3463","4.3896","4.4333","4.3308","-0.93%"
"Jan 03, 2016","4.3869","4.2976","4.4244","4.2920","2.08%"
"Dec 27, 2015","4.2975","4.3601","4.3677","4.2866","-1.54%"
"Dec 20, 2015","4.3649","4.3386","4.3907","4.3235","0.75%"
"Dec 13, 2015","4.3324","4.5285","4.5408","4.3261","-4.52%"
"Dec 06, 2015","4.5374","4.3758","4.5476","4.3407","3.71%"
"Nov 29, 2015","4.3751","4.4003","4.4177","4.2969","-0.51%"
"Nov 22, 2015","4.3977","4.2991","4.4297","4.2919","2.23%"
"Nov 15, 2015","4.3018","4.3685","4.3960","4.2923","-1.39%"
"Nov 08, 2015","4.3624","4.3846","4.4215","4.3448","-0.57%"
"Nov 01, 2015","4.3873","4.5007","4.5092","4.2560","-2.45%"
"Oct 25, 2015","4.4977","4.4084","4.5139","4.4081","1.00%"
"Oct 18, 2015","4.4531","4.4695","4.5036","4.4006","-0.23%"
"Oct 11, 2015","4.4635","4.4662","4.5338","4.4438","0.16%"
"Oct 04, 2015","4.4562","4.5354","4.5739","4.4348","-1.85%"
"Sep 27, 2015","4.5403","4.6244","4.6607","4.5316","-1.84%"
"Sep 20, 2015","4.6255","4.6727","4.7059","4.5848","-0.90%"
"Sep 13, 2015","4.6674","4.7023","4.7458","4.6113","-0.71%"
"Sep 06, 2015","4.7006","4.5483","4.7196","4.5483","3.02%"
"Aug 30, 2015","4.5626","4.5016","4.5828","4.4592","1.38%"
"Aug 23, 2015","4.5004","4.5854","4.7012","4.4653","-1.77%"
"Aug 16, 2015","4.5815","4.4368","4.6886","4.4204","3.41%"
"Aug 09, 2015","4.4306","4.3074","4.4417","4.2965","2.84%"
"Aug 02, 2015","4.3083","4.3240","4.3629","4.2839","-0.49%"
"Jul 26, 2015","4.3294","4.2517","4.3657","4.2435","1.93%"
"Jul 19, 2015","4.2473","4.1397","4.2677","4.1368","2.58%"
"Jul 12, 2015","4.1405","4.1482","4.1636","4.0690","0.01%"
"Jul 05, 2015","4.1402","4.1765","4.2283","4.1002","-1.10%"
"Jun 28, 2015","4.1861","4.1833","4.2618","4.1752","-0.28%"
"Jun 21, 2015","4.1978","4.2812","4.2893","4.1654","-1.94%"
"Jun 14, 2015","4.2809","4.2217","4.3286","4.2213","1.43%"
"Jun 07, 2015","4.2207","4.0658","4.2886","4.0604","3.82%"
"May 31, 2015","4.0655","4.0682","4.1742","4.0534","-0.16%"
"May 24, 2015","4.0719","4.0231","4.0919","4.0094","1.14%"
"May 17, 2015","4.0260","4.0486","4.0857","3.9783","-0.60%"
"May 10, 2015","4.0501","4.1572","4.2313","4.0478","-2.78%"
"May 03, 2015","4.1660","4.1104","4.1795","4.0665","1.61%"
"Apr 26, 2015","4.1001","4.1391","4.1532","4.0569","-0.55%"
"Apr 19, 2015","4.1228","4.0192","4.1518","3.9865","2.89%"
"Apr 12, 2015","4.0070","3.8378","4.0489","3.8348","4.18%"
"Apr 05, 2015","3.8462","3.8340","3.8872","3.8190","0.23%"
"Mar 29, 2015","3.8375","3.8844","3.8929","3.8138","-1.18%"
"Mar 22, 2015","3.8834","3.8521","3.9030","3.7851","0.95%"
"Mar 15, 2015","3.8469","3.8910","3.9072","3.8143","-1.17%"
"Mar 08, 2015","3.8923","3.9527","3.9901","3.8411","-1.37%"
"Mar 01, 2015","3.9463","3.8771","4.0023","3.8514","1.92%"
"Feb 22, 2015","3.8721","3.7774","3.9025","3.7663","2.52%"
"Feb 15, 2015","3.7771","3.7847","3.8083","3.7489","-0.22%"
"Feb 08, 2015","3.7854","3.7696","3.8319","3.7590","0.36%"
"Feb 01, 2015","3.7717","3.6895","3.7847","3.6129","2.31%"
"Jan 25, 2015","3.6864","3.5191","3.6898","3.5164","4.73%"
"Jan 18, 2015","3.5200","3.5247","3.5906","3.4717","0.02%"
"Jan 11, 2015","3.5193","3.4866","3.5444","3.4381","1.15%"
"Jan 04, 2015","3.4793","3.5957","3.5969","3.4501","-3.16%"
"Dec 28, 2014","3.5930","3.6027","3.6543","3.5903","-0.34%"
"Dec 21, 2014","3.6052","3.6094","3.6366","3.5909","-0.25%"
"Dec 14, 2014","3.6141","3.6138","3.7986","3.5998","0.00%"
"Dec 07, 2014","3.6141","3.5236","3.6319","3.5120","2.57%"
"Nov 30, 2014","3.5234","3.4783","3.5339","3.4651","1.44%"
"Nov 23, 2014","3.4733","3.4783","3.5091","3.4602","-0.15%"
"Nov 16, 2014","3.4784","3.4933","3.5112","3.4622","-0.44%"
"Nov 09, 2014","3.4937","3.5829","3.6101","3.4865","-2.52%"
"Nov 02, 2014","3.5842","3.5480","3.6136","3.5429","0.74%"
"Oct 26, 2014","3.5579","3.5945","3.6166","3.5017","-0.90%"
"Oct 19, 2014","3.5903","3.6136","3.6372","3.5684","-0.68%"
"Oct 12, 2014","3.6148","3.6774","3.6810","3.6041","-1.75%"
"Oct 05, 2014","3.6792","3.6606","3.6919","3.6335","0.45%"
"Sep 28, 2014","3.6626","3.6769","3.7184","3.6483","-0.35%"
"Sep 21, 2014","3.6755","3.6401","3.6976","3.6372","0.98%"
"Sep 14, 2014","3.6399","3.6165","3.6869","3.5665","0.65%"
"Sep 07, 2014","3.6165","3.4981","3.6174","3.4815","2.60%"
"Aug 31, 2014","3.5250","3.5870","3.6036","3.5090","-1.86%"
"Aug 24, 2014","3.5918","3.6098","3.6197","3.5631","-0.37%"
"Aug 17, 2014","3.6050","3.6232","3.6408","3.5838","-0.37%"
"Aug 10, 2014","3.6183","3.5977","3.6489","3.5787","0.57%"
"Aug 03, 2014","3.5979","3.5825","3.6808","3.5732","0.26%"
"Jul 27, 2014","3.5885","3.5479","3.6280","3.5479","0.96%"
"Jul 20, 2014","3.5543","3.6298","3.6386","3.5438","-2.10%"
"Jul 13, 2014","3.6307","3.6240","3.6669","3.6098","0.13%"
"Jul 06, 2014","3.6261","3.6556","3.6667","3.6188","-0.92%"
"Jun 29, 2014","3.6599","3.6168","3.6745","3.6067","1.21%"
"Jun 22, 2014","3.6162","3.6390","3.6571","3.6063","-0.69%"
"Jun 15, 2014","3.6415","3.6077","3.6619","3.6051","1.09%"
"Jun 08, 2014","3.6021","3.4886","3.6134","3.4806","3.16%"
"Jun 01, 2014","3.4917","3.5142","3.5627","3.4835","-0.61%"
"May 25, 2014","3.5130","3.5019","3.5484","3.4806","0.23%"
"May 18, 2014","3.5050","3.5213","3.5726","3.4981","-0.73%"
"May 11, 2014","3.5309","3.4918","3.5374","3.4629","0.87%"
"May 04, 2014","3.5005","3.5472","3.5634","3.4959","-1.35%"
"Apr 27, 2014","3.5484","3.5850","3.6110","3.5276","-1.05%"
"Apr 20, 2014","3.5861","3.5734","3.6166","3.5631","0.19%"
"Apr 13, 2014","3.5793","3.5381","3.6063","3.5370","1.24%"
"Apr 06, 2014","3.5356","3.4981","3.5657","3.4764","0.90%"
"Mar 30, 2014","3.5041","3.6503","3.6514","3.4909","-3.87%"
"Mar 23, 2014","3.6453","3.6843","3.7058","3.6178","-1.00%"
"Mar 16, 2014","3.6822","3.6818","3.7161","3.6654","-0.05%"
"Mar 09, 2014","3.6839","3.6873","3.7542","3.6768","-0.07%"
"Mar 02, 2014","3.6866","3.6865","3.7390","3.6393","-0.35%"
"Feb 23, 2014","3.6996","3.6226","3.7507","3.6037","2.19%"
"Feb 16, 2014","3.6203","3.6536","3.7100","3.6188","-0.88%"
"Feb 09, 2014","3.6525","3.6422","3.6866","3.5825","0.26%"
"Feb 02, 2014","3.6431","3.7140","3.7450","3.5831","-1.95%"
"Jan 26, 2014","3.7155","3.8399","3.9575","3.5850","-3.32%"
"Jan 19, 2014","3.8430","3.6665","3.8847","3.6591","4.84%"
"Jan 12, 2014","3.6656","3.5722","3.6702","3.5535","2.72%"
"Jan 05, 2014","3.5685","3.5736","3.6127","3.5344","-0.22%"
"Dec 29, 2013","3.5764","3.5455","3.6166","3.4870","0.87%"
"Dec 22, 2013","3.5455","3.4173","3.6058","3.3598","3.76%"
"Dec 15, 2013","3.4171","3.3325","3.4352","3.3024","2.75%"
"Dec 08, 2013","3.3256","3.3112","3.3550","3.3051","0.44%"
"Dec 01, 2013","3.3110","3.3019","3.3701","3.3011","0.15%"
"Nov 24, 2013","3.3059","3.2543","3.3182","3.2265","1.58%"
"Nov 17, 2013","3.2546","3.2721","3.2788","3.2260","-0.52%"
"Nov 10, 2013","3.2717","3.2637","3.2942","3.2481","0.17%"
"Nov 03, 2013","3.2660","3.2095","3.2886","3.2008","1.67%"
"Oct 27, 2013","3.2124","3.2073","3.2277","3.1789","0.18%"
"Oct 20, 2013","3.2066","3.1839","3.2296","3.1776","0.75%"
"Oct 13, 2013","3.1827","3.1612","3.1959","3.1383","0.63%"
"Oct 06, 2013","3.1629","3.1835","3.2206","3.1452","-0.58%"
"Sep 29, 2013","3.1812","3.2757","3.3054","3.1787","-2.94%"
"Sep 22, 2013","3.2776","3.1709","3.2898","3.1608","3.43%"
"Sep 15, 2013","3.1690","3.2207","3.2285","3.1214","-1.57%"
"Sep 08, 2013","3.2195","3.1986","3.2300","3.1509","0.64%"
"Sep 01, 2013","3.1989","3.1665","3.2632","3.1317","1.09%"
"Aug 25, 2013","3.1644","3.0957","3.2207","3.0901","2.26%"
"Aug 18, 2013","3.0946","3.0407","3.1168","3.0226","1.82%"
"Aug 11, 2013","3.0394","2.9811","3.0429","2.9625","2.11%"
"Aug 04, 2013","2.9767","2.9212","3.0029","2.9159","1.11%"
"Jul 28, 2013","2.9439","2.9623","2.9684","2.9110","-0.63%"
"Jul 21, 2013","2.9625","2.9237","2.9729","2.9118","1.16%"
"Jul 14, 2013","2.9284","2.9455","2.9554","2.8887","-0.72%"
"Jul 07, 2013","2.9497","2.9283","2.9768","2.8756","0.65%"
"Jun 30, 2013","2.9306","2.9314","2.9885","2.8978","-0.12%"
"Jun 23, 2013","2.9342","2.9806","3.0221","2.9173","-1.84%"
"Jun 16, 2013","2.9893","2.9150","3.0220","2.9144","2.39%"
"Jun 09, 2013","2.9196","2.9028","2.9778","2.8891","0.19%"
"Jun 02, 2013","2.9141","2.8478","2.9701","2.8473","2.22%"
"May 26, 2013","2.8508","2.7905","2.8851","2.7777","2.06%"
"May 19, 2013","2.7932","2.7929","2.8176","2.7652","-0.05%"
"May 12, 2013","2.7946","2.7592","2.8167","2.7559","0.99%"
"May 05, 2013","2.7672","2.7926","2.8030","2.7588","-0.97%"
"Apr 28, 2013","2.7942","2.7807","2.8030","2.7708","0.42%"
"Apr 21, 2013","2.7824","2.7425","2.7961","2.7322","1.51%"
"Apr 14, 2013","2.7410","2.7394","2.7668","2.7249","-0.08%"
"Apr 07, 2013","2.7431","2.7476","2.7597","2.7168","-0.29%"
"Mar 31, 2013","2.7510","2.7449","2.7640","2.7127","-0.00%"
"Mar 24, 2013","2.7511","2.7642","2.7720","2.7351","-0.46%"
"Mar 17, 2013","2.7638","2.7336","2.7719","2.7302","1.23%"
"Mar 10, 2013","2.7303","2.6909","2.7476","2.6709","1.40%"
"Mar 03, 2013","2.6925","2.7029","2.7305","2.6755","-0.32%"
"Feb 24, 2013","2.7012","2.7059","2.7594","2.6951","-1.68%"
"Feb 17, 2013","2.7473","2.7391","2.7565","2.6992","0.20%"
"Feb 10, 2013","2.7417","2.7910","2.8009","2.7294","-2.03%"
"Feb 03, 2013","2.7984","2.7428","2.8089","2.7363","1.98%"
"Jan 27, 2013","2.7441","2.7828","2.8022","2.7398","-1.74%"
"Jan 20, 2013","2.7926","2.7861","2.8193","2.7748","-0.04%"
"Jan 13, 2013","2.7938","2.8531","2.8615","2.7867","-2.12%"
"Jan 06, 2013","2.8544","2.8623","2.8742","2.8352","-0.30%"
"Dec 30, 2012","2.8630","2.8924","2.9158","2.8551","-1.05%"
"Dec 23, 2012","2.8934","2.9006","2.9209","2.8477","-0.46%"
"Dec 16, 2012","2.9067","2.8735","2.9223","2.8703","1.10%"
"Dec 09, 2012","2.8751","2.8633","2.8845","2.8575","0.24%"
"Dec 02, 2012","2.8682","2.8589","2.8886","2.8557","0.16%"
"Nov 25, 2012","2.8636","2.8755","2.8837","2.8519","-0.44%"
"Nov 18, 2012","2.8763","2.8585","2.8815","2.8489","0.55%"
"Nov 11, 2012","2.8605","2.8474","2.8766","2.8352","0.44%"
"Nov 04, 2012","2.8479","2.8682","2.8819","2.8268","-0.85%"
"Oct 28, 2012","2.8724","2.8971","2.9045","2.8581","-0.96%"
"Oct 21, 2012","2.9002","2.8704","2.9143","2.8646","0.94%"
"Oct 14, 2012","2.8731","2.9034","2.9204","2.8670","-1.06%"
"Oct 07, 2012","2.9040","2.9158","2.9242","2.8882","-0.29%"
"Sep 30, 2012","2.9123","2.9003","2.9226","2.8765","0.28%"
"Sep 23, 2012","2.9042","2.9128","2.9278","2.8878","-0.29%"
"Sep 16, 2012","2.9126","2.9086","2.9363","2.8965","-0.03%"
"Sep 09, 2012","2.9134","2.8820","2.9257","2.8695","1.30%"
"Sep 02, 2012","2.8761","2.8826","2.9050","2.8670","-0.33%"
"Aug 26, 2012","2.8857","2.8426","2.9021","2.8306","1.49%"
"Aug 19, 2012","2.8432","2.8297","2.8579","2.8182","0.60%"
"Aug 12, 2012","2.8263","2.7953","2.8405","2.7873","1.08%"
"Aug 05, 2012","2.7961","2.7818","2.8067","2.7567","0.45%"
"Jul 29, 2012","2.7835","2.8484","2.8567","2.7586","-2.46%"
"Jul 22, 2012","2.8537","2.8274","2.8712","2.8082","1.03%"
"Jul 15, 2012","2.8247","2.8188","2.8430","2.8088","0.12%"
"Jul 08, 2012","2.8213","2.8167","2.8411","2.7958","0.13%"
"Jul 01, 2012","2.8176","2.8325","2.8457","2.7931","-0.88%"
"Jun 24, 2012","2.8427","2.8257","2.8523","2.8125","0.46%"
"Jun 17, 2012","2.8296","2.8357","2.8494","2.8021","-0.62%"
"Jun 10, 2012","2.8472","2.8083","2.8544","2.8038","0.89%"
"Jun 03, 2012","2.8222","2.8545","2.8638","2.8072","-1.08%"
"May 27, 2012","2.8529","2.8930","2.9042","2.8420","-1.47%"
"May 20, 2012","2.8956","2.8991","2.9237","2.8689","-0.33%"
"May 13, 2012","2.9051","2.8676","2.9264","2.8647","1.26%"
"May 06, 2012","2.8689","2.8508","2.8994","2.8306","0.99%"
"Apr 29, 2012","2.8409","2.8611","2.8760","2.8288","-0.82%"
"Apr 22, 2012","2.8644","2.8887","2.9032","2.8448","-0.89%"
"Apr 15, 2012","2.8901","2.8472","2.8950","2.8378","1.51%"
"Apr 08, 2012","2.8471","2.8530","2.8908","2.8373","-0.06%"
"Apr 01, 2012","2.8487","2.8547","2.8611","2.8248","-0.20%"
"Mar 25, 2012","2.8544","2.8585","2.8651","2.8092","-0.07%"
"Mar 18, 2012","2.8563","2.8436","2.8979","2.8342","0.43%"
"Mar 11, 2012","2.8440","2.7984","2.8546","2.7879","1.54%"
"Mar 04, 2012","2.8010","2.7968","2.8302","2.7885","0.06%"
"Feb 26, 2012","2.7992","2.8026","2.8188","2.7654","-0.22%"
"Feb 19, 2012","2.8054","2.7691","2.8119","2.7363","1.11%"
"Feb 12, 2012","2.7745","2.7772","2.8057","2.7480","-0.09%"
"Feb 05, 2012","2.7771","2.7752","2.8007","2.7533","0.16%"
"Jan 29, 2012","2.7728","2.7958","2.8148","2.7480","-0.82%"
"Jan 22, 2012","2.7958","2.8453","2.8582","2.7810","-1.89%"
"Jan 15, 2012","2.8498","2.8445","2.8581","2.8106","-0.07%"
"Jan 08, 2012","2.8519","2.9007","2.9088","2.8163","-1.57%"
"Jan 01, 2012","2.8974","2.9202","2.9534","2.8792","-1.07%"
"Dec 25, 2011","2.9288","2.9576","2.9829","2.8557","-1.13%"
"Dec 18, 2011","2.9623","2.9289","2.9855","2.9088","1.16%"
"Dec 11, 2011","2.9283","2.8831","2.9287","2.8624","1.46%"
"Dec 04, 2011","2.8861","2.8564","2.9074","2.8422","1.02%"
"Nov 27, 2011","2.8570","2.9014","2.9188","2.8378","-1.93%"
"Nov 20, 2011","2.9132","2.8957","2.9287","2.8659","0.72%"
"Nov 13, 2011","2.8925","2.8499","2.8932","2.8217","1.37%"
"Nov 06, 2011","2.8534","2.8317","2.8790","2.8168","0.66%"
"Oct 30, 2011","2.8347","2.8109","2.8815","2.7844","0.75%"
"Oct 23, 2011","2.8136","2.9324","2.9420","2.7827","-3.83%"
"Oct 16, 2011","2.9257","2.8990","2.9643","2.8838","1.02%"
"Oct 09, 2011","2.8962","2.8796","2.9202","2.8488","0.63%"
"Oct 02, 2011","2.8781","2.8917","2.9440","2.7986","-0.70%"
"Sep 25, 2011","2.8984","2.8415","2.9123","2.8292","2.07%"
"Sep 18, 2011","2.8395","2.7975","2.8581","2.7712","1.19%"
"Sep 11, 2011","2.8060","2.8334","2.8609","2.7800","-1.37%"
"Sep 04, 2011","2.8451","2.8268","2.8679","2.7893","0.12%"
"Aug 28, 2011","2.8418","2.8538","2.8834","2.7729","-0.85%"
"Aug 21, 2011","2.8661","2.9416","2.9627","2.8365","-2.61%"
"Aug 14, 2011","2.9428","2.8937","2.9684","2.8661","1.66%"
"Aug 07, 2011","2.8947","2.8717","2.9549","2.8219","1.18%"
"Jul 31, 2011","2.8609","2.7684","2.8632","2.7302","3.17%"
"Jul 24, 2011","2.7729","2.7746","2.8324","2.7220","0.21%"
"Jul 17, 2011","2.7671","2.6604","2.7726","2.6550","3.85%"
"Jul 10, 2011","2.6646","2.6081","2.6682","2.6005","1.94%"
"Jul 03, 2011","2.6139","2.5813","2.6300","2.5715","1.16%"
"Jun 26, 2011","2.5840","2.6040","2.6473","2.5717","-1.08%"
"Jun 19, 2011","2.6121","2.5774","2.6255","2.5718","1.01%"
"Jun 12, 2011","2.5861","2.5556","2.6182","2.5395","1.11%"
"Jun 05, 2011","2.5578","2.5777","2.6095","2.5462","-1.05%"
"May 29, 2011","2.5850","2.6442","2.6532","2.5703","-2.32%"
"May 22, 2011","2.6463","2.5780","2.6530","2.5596","2.80%"
"May 15, 2011","2.5743","2.5775","2.5938","2.5357","-0.50%"
"May 08, 2011","2.5873","2.5288","2.6096","2.5111","2.26%"
"May 01, 2011","2.5302","2.5373","2.5594","2.5057","-0.42%"
"Apr 24, 2011","2.5408","2.4978","2.5466","2.4842","1.41%"
"Apr 17, 2011","2.5054","2.4615","2.5188","2.4550","1.48%"
"Apr 10, 2011","2.4689","2.4698","2.4973","2.4486","-0.25%"
"Apr 03, 2011","2.4750","2.4534","2.4977","2.4487","0.39%"
"Mar 27, 2011","2.4654","2.4928","2.5105","2.4496","-1.18%"
"Mar 20, 2011","2.4948","2.5602","2.5804","2.4780","-2.68%"
"Mar 13, 2011","2.5636","2.5448","2.5681","2.5203","0.70%"
"Mar 06, 2011","2.5458","2.6025","2.6189","2.5195","-2.20%"
"Feb 27, 2011","2.6032","2.5623","2.6449","2.5578","1.10%"
"Feb 20, 2011","2.5749","2.5593","2.6188","2.5509","0.47%"
"Feb 13, 2011","2.5628","2.5335","2.5835","2.5241","0.82%"
"Feb 06, 2011","2.5419","2.5482","2.5802","2.5161","-0.36%"
"Jan 30, 2011","2.5512","2.5517","2.6027","2.5338","-0.37%"
"Jan 23, 2011","2.5608","2.5072","2.5635","2.4577","1.68%"
"Jan 16, 2011","2.5185","2.4538","2.5323","2.4345","2.22%"
"Jan 09, 2011","2.4637","2.4401","2.4726","2.4320","0.68%"
"Jan 02, 2011","2.4470","2.3959","2.4537","2.3855","1.72%"
"Dec 26, 2010","2.4056","2.3819","2.4250","2.3699","0.69%"
"Dec 19, 2010","2.3890","2.3961","2.4316","2.3756","-0.43%"
"Dec 12, 2010","2.3992","2.3780","2.4061","2.3532","0.96%"
"Dec 05, 2010","2.3765","2.3190","2.3924","2.3024","2.03%"
"Nov 28, 2010","2.3292","2.3106","2.3510","2.2996","0.42%"
"Nov 21, 2010","2.3194","2.3040","2.3622","2.2893","0.44%"
"Nov 14, 2010","2.3092","2.3164","2.3342","2.2987","-0.70%"
"Nov 07, 2010","2.3255","2.2534","2.3307","2.2415","2.88%"
"Oct 31, 2010","2.2603","2.2940","2.3022","2.2443","-1.67%"
"Oct 24, 2010","2.2986","2.2293","2.3007","2.2124","2.87%"
"Oct 17, 2010","2.2344","2.2585","2.2679","2.2181","-1.20%"
"Oct 10, 2010","2.2615","2.2478","2.2686","2.2202","0.23%"
"Oct 03, 2010","2.2563","2.2729","2.3090","2.2303","-1.23%"
"Sep 26, 2010","2.2845","2.3375","2.3417","2.2636","-2.18%"
"Sep 19, 2010","2.3354","2.3360","2.3459","2.2944","0.02%"
"Sep 12, 2010","2.3349","2.3033","2.3553","2.2850","0.77%"
"Sep 05, 2010","2.3171","2.3077","2.3567","2.2997","-0.01%"
"Aug 29, 2010","2.3174","2.3478","2.3656","2.3066","-1.57%"
"Aug 22, 2010","2.3544","2.3554","2.3826","2.3367","-0.03%"
"Aug 15, 2010","2.3552","2.3594","2.3695","2.3122","-0.52%"
"Aug 08, 2010","2.3674","2.3805","2.3910","2.3467","-0.38%"
"Aug 01, 2010","2.3765","2.3625","2.3966","2.3529","0.49%"
"Jul 25, 2010","2.3648","2.3405","2.3713","2.3319","0.61%"
"Jul 18, 2010","2.3504","2.3563","2.3764","2.3093","-0.19%"
"Jul 11, 2010","2.3549","2.3325","2.3808","2.3186","0.65%"
"Jul 04, 2010","2.3396","2.3756","2.3867","2.3243","-1.70%"
"Jun 27, 2010","2.3801","2.3650","2.4101","2.3476","0.39%"
"Jun 20, 2010","2.3708","2.2967","2.3800","2.2824","2.81%"
"Jun 13, 2010","2.3061","2.2964","2.3394","2.2832","0.40%"
"Jun 06, 2010","2.2969","2.3169","2.3510","2.2832","-1.23%"
"May 30, 2010","2.3254","2.2550","2.3435","2.2516","2.59%"
"May 23, 2010","2.2666","2.2684","2.3003","2.2487","-0.55%"
"May 16, 2010","2.2792","2.2422","2.3089","2.2001","1.59%"
"May 09, 2010","2.2435","2.3016","2.3183","2.2076","-2.89%"
"May 02, 2010","2.3102","2.2723","2.3840","2.2487","1.55%"
"Apr 25, 2010","2.2749","2.2759","2.3057","2.2538","-0.26%"
"Apr 18, 2010","2.2809","2.2626","2.3048","2.2608","0.12%"
"Apr 11, 2010","2.2782","2.2869","2.3022","2.2589","-0.48%"
"Apr 04, 2010","2.2893","2.3039","2.3184","2.2654","-0.62%"
"Mar 28, 2010","2.3035","2.2887","2.3249","2.2793","0.45%"